{
    "name": "MPU9250",
    "keywords": "i2c,wire,imu",
    "description": "Arduino library for MPU9250 Nine-Axis (Gyro + Accelerometer + Compass) MEMS MotionTracking™ Device",
    "repository":
    {
        "type": "git",
        "url": "https://github.com/hideakitai/MPU9250.git"
    },
    "authors":
    {
        "name": "Hideaki Tai",
        "url": "https://github.com/hideakitai",
        "maintainer": true
    },
    "version": "0.4.2",
    "license": "MIT",
    "frameworks": "arduino",
    "platforms": "*"
}
